"sea_time","fid_signal"
0,1165.71789550781
0.00166666666666667,1165.71789550781
0.00333333333333333,1167.50598144531
0.005,1166.76086425781
0.00666666666666667,1166.23937988281
0.00833333333333333,1166.23937988281
0.01,1167.87854003906
0.0116666666666667,1170.11364746094
0.0133333333333333,1169.36865234375
0.015,1169.36865234375
0.0166666666666667,1171.82727050781
0.0183166666666667,1171.60375976563
0.0199833333333333,1168.2509765625
0.02165,1168.2509765625
0.0233166666666667,1164.52575683594
0.0249833333333333,1162.73754882813
0.02665,1160.42797851563
0.0283166666666667,1160.42797851563
0.0299833333333333,1160.57690429688
0.03165,1163.18469238281
0.0333166666666667,1163.18469238281
0.0349833333333333,1162.96118164063
0.03665,1166.16491699219
0.0383166666666667,1167.43151855469
0.04,1167.43151855469
0.04165,1166.98449707031
0.0433166666666667,1166.38842773438
0.0449833333333333,1166.38842773438
0.04665,1166.38842773438
0.0483166666666667,1165.41979980469
0.0499833333333333,1166.31384277344
0.05165,1167.13342285156
0.0533166666666667,1167.13342285156
0.0549833333333333,1164.82373046875
0.05665,1167.35693359375
0.0583166666666667,1167.35693359375
0.0599833333333333,1170.70971679688
0.06165,1173.16845703125
0.0633666666666667,1175.47814941406
0.0649833333333333,1175.47814941406
0.06665,1174.21154785156
0.06831666666666671,1171.23132324219
0.0699833333333333,1170.63525390625
0.07165000000000001,1170.63525390625
0.0733166666666667,1169.81567382813
0.0749833333333333,1167.95300292969
0.07665,1166.31384277344
0.07835,1166.31384277344
0.0799666666666667,1165.56884765625
0.08163333333333329,1166.38842773438
0.0833,1169.66662597656
0.0849666666666667,1169.66662597656
0.0866333333333333,1172.34887695313
0.0883,1173.54089355469
0.08996666666666669,1173.54089355469
0.0916333333333333,1171.529296875
0.09329999999999999,1168.17651367188
0.0949666666666667,1168.32556152344
0.0967333333333333,1168.32556152344
0.0983,1168.10205078125
0.0999666666666667,1169.89013671875
0.101633333333333,1170.70971679688
0.1033,1170.70971679688
0.10495,1166.76086425781
0.106616666666667,1167.2080078125
0.108283333333333,1166.31384277344
0.10995,1166.31384277344
0.111616666666667,1168.02746582031
0.113283333333333,1170.41174316406
0.11495,1170.41174316406
0.116616666666667,1172.19982910156
0.1183,1174.95654296875
0.11995,1173.09387207031
0.121616666666667,1173.09387207031
0.123283333333333,1173.46643066406
0.12495,1168.84704589844
0.126616666666667,1165.12182617188
0.128283333333333,1165.12182617188
0.12995,1167.65502929688
0.131616666666667,1165.56884765625
0.133283333333333,1165.94140625
0.13495,1165.94140625
0.136616666666667,1164.89831542969
0.138283333333333,1162.81213378906
0.139933333333333,1162.81213378906
0.1416,1161.61999511719
0.143266666666667,1165.34533691406
0.144933333333333,1168.17651367188
0.1466,1168.17651367188
0.148266666666667,1168.17651367188
0.149933333333333,1172.64685058594
0.1516,1171.90185546875
0.153266666666667,1171.90185546875
0.154933333333333,1171.97631835938
0.1566,1173.54089355469
0.158266666666667,1171.60375976563
0.159966666666667,1171.60375976563
0.1616,1167.7294921875
0.163266666666667,1167.65502929688
0.164933333333333,1168.2509765625
0.1666,1168.2509765625
0.168266666666667,1169.66662597656
0.169933333333333,1174.13696289063
0.1716,1174.13696289063
0.173266666666667,1174.21154785156
0.174933333333333,1171.08227539063
0.1766,1170.63525390625
0.178266666666667,1170.63525390625
0.179933333333333,1165.86682128906
0.18165,1166.38842773438
0.183283333333333,1168.2509765625
0.184933333333333,1168.2509765625
0.1866,1168.02746582031
0.188266666666667,1171.90185546875
0.189933333333333,1170.11364746094
0.1916,1170.11364746094
0.193266666666667,1169.29406738281
0.194933333333333,1168.17651367188
0.1966,1168.17651367188
0.19825,1166.53735351563
0.199916666666667,1168.02746582031
0.201583333333333,1169.21960449219
0.20325,1169.21960449219
0.204916666666667,1168.77258300781
0.206583333333333,1169.517578125
0.20825,1166.68640136719
0.209916666666667,1166.68640136719
0.211583333333333,1164.60021972656
0.21325,1167.2080078125
0.215033333333333,1168.69812011719
0.216583333333333,1168.69812011719
0.21825,1168.474609375
0.219916666666667,1170.33715820313
0.221583333333333,1169.59216308594
0.22325,1169.59216308594
0.224916666666667,1169.517578125
0.226583333333333,1170.63525390625
0.22825,1170.63525390625
0.229916666666667,1169.07055664063
0.231583333333333,1168.62353515625
0.23325,1164.30224609375
0.234916666666667,1164.30224609375
0.236583333333333,1163.78063964844
0.23825,1164.74926757813
0.239916666666667,1165.49426269531
0.241583333333333,1165.49426269531
0.24325,1167.35693359375
0.244916666666667,1167.28247070313
0.246583333333333,1168.99609375
0.248266666666667,1168.99609375
0.249916666666667,1166.83544921875
0.251583333333333,1167.80395507813
0.25325,1167.80395507813
0.254916666666667,1167.7294921875
0.256583333333333,1164.60021972656
0.258233333333333,1167.13342285156
0.259933333333333,1167.13342285156
0.261566666666667,1165.34533691406
0.263233333333333,1164.00415039063
0.2649,1165.04724121094
0.266566666666667,1165.04724121094
0.268233333333333,1166.16491699219
0.2699,1169.81567382813
0.271566666666667,1174.13696289063
0.273233333333333,1174.13696289063
0.2749,1173.83898925781
0.276566666666667,1172.49792480469
0.278233333333333,1170.56066894531
0.2799,1170.56066894531
0.281566666666667,1170.56066894531
0.283233333333333,1169.96472167969
0.2849,1169.96472167969
0.286566666666667,1168.92163085938
0.288233333333333,1166.83544921875
0.2899,1164.07873535156
0.291566666666667,1164.07873535156
0.293233333333333,1162.88659667969
0.2949,1163.78063964844
0.296566666666667,1164.30224609375
0.298233333333333,1164.30224609375
0.299916666666667,1164.37670898438
0.301566666666667,1168.54907226563
0.303233333333333,1166.16491699219
0.3049,1166.16491699219
0.306566666666667,1166.23937988281
0.308233333333333,1168.40002441406
0.3099,1168.40002441406
0.311566666666667,1169.7412109375
0.313233333333333,1174.65856933594
0.3149,1174.28601074219
0.31655,1174.28601074219
0.318233333333333,1171.90185546875
0.319883333333333,1168.62353515625
0.32155,1166.09033203125
0.323216666666667,1166.09033203125
0.324883333333333,1170.11364746094
0.32655,1174.583984375
0.328233333333333,1176.81921386719
0.329883333333333,1176.81921386719
0.331616666666667,1178.3837890625
0.333316666666667,1178.60729980469
0.334883333333333,1178.53283691406
0.33655,1178.53283691406
0.338216666666667,1180.54455566406
0.339883333333333,1181.21508789063
0.34155,1181.21508789063
0.343216666666667,1178.90539550781
0.344883333333333,1178.83081054688
0.34655,1178.16027832031
0.348216666666667,1178.16027832031
0.349983333333333,1182.70520019531
0.35155,1189.41064453125
0.353216666666667,1198.27685546875
0.354883333333333,1198.27685546875
0.35655,1208.63317871094
0.358216666666667,1213.103515625
0.359883333333333,1219.21301269531
0.36155,1219.21301269531
0.363216666666667,1224.5029296875
0.364883333333333,1229.86730957031
0.36655,1229.86730957031
0.368216666666667,1240.81970214844
0.369883333333333,1250.65441894531
0.37155,1262.05383300781
0.373216666666667,1262.05383300781
0.374883333333333,1273.08068847656
0.37655,1282.24487304688
0.378216666666667,1297.29504394531
0.379866666666667,1297.29504394531
0.381533333333333,1313.01586914063
0.3832,1330.30114746094
0.384866666666667,1352.20593261719
0.386533333333333,1352.20593261719
0.3882,1375.0791015625
0.389866666666667,1402.12475585938
0.391533333333333,1402.12475585938
0.3932,1434.60925292969
0.394866666666667,1469.25451660156
0.396533333333333,1506.73095703125
0.398266666666667,1506.73095703125
0.39985,1544.8779296875
0.401516666666667,1590.99694824219
0.403183333333333,1642.10791015625
0.40485,1642.10791015625
0.406516666666667,1698.13635253906
0.408183333333333,1766.83068847656
0.40985,1843.19909667969
0.411516666666667,1843.19909667969
0.413183333333333,1935.58630371094
0.41485,2045.55688476563
0.416516666666667,2172.66381835938
0.418183333333333,2172.66381835938
0.41985,2327.41235351563
0.421516666666667,2517.25317382813
0.423183333333333,2517.25317382813
0.42485,2754.47973632813
0.426516666666667,3055.93017578125
0.428183333333333,3435.16479492188
0.42985,3435.16479492188
0.431516666666667,3917.81323242188
0.433183333333333,4532.0390625
0.434933333333333,5300.044921875
0.436516666666667,5300.044921875
0.438166666666667,6257.146484375
0.439833333333333,7437.5419921875
0.4415,8869.6181640625
0.443166666666667,8869.6181640625
0.444833333333333,10595.6943359375
0.4465,12647.8818359375
0.448166666666667,12647.8818359375
0.449833333333333,15051.439453125
0.451583333333333,17833.560546875
0.453166666666667,21009.892578125
0.454833333333333,21009.892578125
0.4565,24593.32421875
0.458166666666667,28578.712890625
0.459833333333333,32956.6015625
0.4615,32956.6015625
0.463166666666667,37696.95703125
0.464833333333333,42752.84765625
0.4665,48067.34765625
0.468216666666667,48067.34765625
0.469833333333333,53565.50390625
0.4715,59159.3984375
0.473166666666667,64753.3671875
0.47485,64753.3671875
0.4765,70247.7265625
0.478216666666667,75546.6484375
0.479833333333333,75546.6484375
0.4815,80556.421875
0.483166666666667,85191.953125
0.484833333333333,89386.703125
0.4865,89386.703125
0.488166666666667,93076.0078125
0.489833333333333,96220.8203125
0.4915,98789.1875
0.493166666666667,98789.1875
0.494833333333333,100764.78125
0.4965,102149.3203125
0.498166666666667,102958.75
0.499816666666667,102958.75
0.5014833333333329,103218.6328125
0.503166666666667,102958.75
0.504816666666667,102958.75
0.506483333333333,102219.8828125
0.50815,101048.5703125
0.509816666666667,99496.390625
0.511483333333333,99496.390625
0.51315,97610.5
0.514816666666667,95447.3046875
0.516483333333333,93051.421875
0.51815,93051.421875
0.519816666666667,90464.4296875
0.521483333333333,87738.6328125
0.52315,84908.75
0.524816666666667,84908.75
0.526483333333333,82011.4453125
0.52815,79082.546875
0.529816666666667,76146.5
0.531483333333333,76146.5
0.53315,73231.7578125
0.5348166666666671,70360.078125
0.536516666666667,70360.078125
0.53815,67540.9296875
0.5398166666666671,64789.578125
0.541483333333333,62111.9140625
0.54315,62111.9140625
0.5448166666666669,59513.2265625
0.5465,57010.203125
0.5482,54604.0390625
0.549816666666667,54604.0390625
0.551483333333333,52295.69921875
0.553183333333333,50086.82421875
0.554816666666667,47975.33203125
0.556483333333333,47975.33203125
0.55815,45960.09765625
0.5598,44041.87109375
0.561466666666667,44041.87109375
0.563133333333333,42211.78515625
0.5648,40468.72265625
0.566466666666667,38811.4140625
0.568133333333333,38811.4140625
0.569866666666667,37236.2890625
0.571466666666667,35742.296875
0.5731333333333331,34323.78125
0.5748,34323.78125
0.576466666666667,32973.36328125
0.5781333333333331,31690.5234375
0.5798,30471.236328125
0.581466666666667,30471.236328125
0.5831333333333329,29311.10546875
0.5848,28210.728515625
0.586566666666667,27162.283203125
0.588133333333333,27162.283203125
0.5898,26167.2578125
0.591466666666667,25218.501953125
0.593133333333333,25218.501953125
0.5948,24317.279296875
0.596466666666667,23458.15234375
0.598133333333333,22637.9921875
0.5998,22637.9921875
0.601466666666667,21860.376953125
0.603133333333333,21115.09375
0.6048,20403.04296875
0.606466666666667,20403.04296875
0.608133333333333,19721.6875
0.6098,19070.1328125
0.611466666666667,18449.27734375
0.613133333333333,18449.27734375
0.6148,17854.125
0.6164666666666671,17284.900390625
0.618133333333333,17284.900390625
0.619816666666667,16739.29296875
0.6215000000000001,16214.326171875
0.623116666666667,15715.509765625
0.624783333333333,15715.509765625
0.62645,15238.076171875
0.628116666666667,14778.15234375
0.629783333333333,14338.1953125
0.63145,14338.1953125
0.633116666666667,13913.884765625
0.634783333333333,13502.76171875
0.636483333333333,13107.732421875
0.638116666666667,13107.732421875
0.639783333333333,12727.8271484375
0.64145,12361.7802734375
0.643116666666667,12361.7802734375
0.644783333333333,12011.37890625
0.64645,11672.67578125
0.648116666666667,11346.861328125
0.649783333333333,11346.861328125
0.65145,11030.8076171875
0.653116666666667,10730.251953125
0.6547833333333331,10440.4990234375
0.65645,10440.4990234375
0.658116666666667,10157.6748046875
0.6597833333333331,9886.3984375
0.66145,9617.9541015625
0.663116666666667,9617.9541015625
0.6647833333333329,9360.3876953125
0.66645,9114.146484375
0.668116666666667,8874.1630859375
0.669783333333333,8874.1630859375
0.67145,8644.3125
0.673116666666667,8422.9560546875
0.674783333333333,8422.9560546875
0.676433333333333,8206.740234375
0.6781,8000.2099609375
0.679766666666667,7798.0009765625
0.681433333333333,7798.0009765625
0.6831,7600.1884765625
0.684766666666667,7411.01806640625
0.686416666666667,7228.6279296875
0.68815,7228.6279296875
0.68975,7049.2177734375
0.691433333333333,6877.556640625
0.693133333333333,6712.82421875
0.69475,6712.82421875
0.696416666666667,6548.68798828125
0.6980833333333329,6395.65283203125
0.69975,6395.65283203125
0.701416666666667,6249.7705078125
0.7030833333333329,6103.59033203125
0.704833333333333,5963.2958984375
0.706416666666667,5963.2958984375
0.708083333333333,5825.31103515625
0.70975,5687.17724609375
0.711416666666667,5557.46240234375
0.713083333333333,5557.46240234375
0.71475,5434.0810546875
0.716416666666667,5313.0087890625
0.718083333333333,5196.8544921875
0.71975,5196.8544921875
0.721416666666667,5079.13525390625
0.7231,4964.6201171875
0.72475,4857.927734375
0.726416666666667,4857.927734375
0.728083333333333,4751.16064453125
0.72975,4652.29150390625
0.731416666666667,4652.29150390625
0.733083333333333,4554.5400390625
0.73475,4455.29833984375
0.7364166666666671,4362.9853515625
0.738066666666667,4362.9853515625
0.739733333333333,4271.26904296875
0.7413999999999999,4184.24609375
0.743066666666667,4101.3955078125
0.744733333333333,4101.3955078125
0.7464,4021.15283203125
0.748066666666667,3940.31396484375
0.749733333333333,3861.26342773438
0.7514,3861.26342773438
0.753066666666667,3786.23608398438
0.754733333333333,3711.35766601563
0.7564,3711.35766601563
0.758066666666667,3641.17333984375
0.759733333333333,3570.6162109375
0.761433333333333,3501.47485351563
0.763066666666667,3501.47485351563
0.764733333333333,3438.14501953125
0.7664,3374.96411132813
0.768066666666667,3314.76342773438
0.769733333333333,3314.76342773438
0.7714,3256.2763671875
0.773066666666667,3195.40502929688
0.7747333333333331,3137.88647460938
0.7764,3137.88647460938
0.778066666666667,3084.61499023438
0.7797333333333329,3032.013671875
0.7814,3032.013671875
0.783066666666667,2981.87133789063
0.7847333333333329,2931.05834960938
0.7864,2882.33154296875
0.788066666666667,2882.33154296875
0.789733333333333,2833.45581054688
0.7914,2787.93286132813
0.793066666666667,2746.3583984375
0.794733333333333,2746.3583984375
0.7964,2704.2626953125
0.79805,2665.81762695313
0.799716666666667,2622.45532226563
0.801383333333333,2622.45532226563
0.803066666666667,2581.47705078125
0.804766666666667,2541.39306640625
0.80645,2501.53247070313
0.80805,2501.53247070313
0.809716666666667,2466.29125976563
0.811383333333333,2428.21875
0.8130500000000001,2428.21875
0.814716666666667,2393.57348632813
0.816383333333333,2360.71655273438
0.8180500000000001,2326.89086914063
0.819716666666667,2326.89086914063
0.821383333333333,2296.41796875
0.823166666666667,2263.63549804688
0.824716666666667,2232.7900390625
0.826383333333333,2232.7900390625
0.82805,2203.58374023438
0.829716666666667,2174.60107421875
0.831383333333333,2146.51220703125
0.83305,2146.51220703125
0.834716666666667,2117.2314453125
0.836383333333333,2089.66430664063
0.83805,2089.66430664063
0.839716666666667,2064.4814453125
0.8414,2038.70239257813
0.84305,2015.45654296875
0.844716666666667,2015.45654296875
0.846383333333333,1996.01049804688
0.84805,1973.06274414063
0.849716666666667,1953.24426269531
0.851383333333333,1953.24426269531
0.85305,1934.09619140625
0.854716666666667,1913.16003417969
0.8563833333333331,1891.47888183594
0.85805,1891.47888183594
0.8597,1870.39379882813
0.8613666666666669,1846.55187988281
0.863033333333333,1825.24328613281
0.8647,1825.24328613281
0.866366666666667,1807.13830566406
0.868033333333333,1791.56665039063
0.8697,1791.56665039063
0.871366666666667,1776.814453125
0.873033333333333,1762.06225585938
0.8747,1749.24731445313
0.876366666666667,1749.24731445313
0.878033333333333,1733.07958984375
0.8797,1715.7197265625
0.881366666666667,1698.13635253906
0.883033333333333,1698.13635253906
0.8847,1680.92553710938
0.886366666666667,1664.98120117188
0.888033333333333,1653.95434570313
0.889733333333333,1653.95434570313
0.891366666666667,1640.54333496094
0.893033333333333,1628.771484375
0.8947000000000001,1628.771484375
0.896366666666667,1618.56408691406
0.898033333333333,1605.89819335938
0.8997000000000001,1594.79675292969
0.901366666666667,1594.79675292969
0.903033333333333,1582.42883300781
0.9046999999999999,1570.06079101563
0.906366666666667,1560.82214355469
0.908033333333333,1560.82214355469
0.9097333333333329,1552.10498046875
0.911366666666667,1542.94079589844
0.913033333333333,1533.18041992188
0.9147,1533.18041992188
0.91635,1520.8125
0.918016666666667,1510.38171386719
0.919683333333333,1501.2919921875
0.92135,1501.2919921875
0.923016666666667,1491.23376464844
0.924683333333333,1483.41064453125
0.92635,1483.41064453125
0.928016666666667,1472.16027832031
0.929683333333333,1462.2509765625
0.93135,1455.09838867188
0.933016666666667,1455.09838867188
0.934683333333333,1451.29858398438
0.93635,1445.93420410156
0.9380166666666671,1441.09130859375
0.939683333333333,1441.09130859375
0.941466666666667,1436.24841308594
0.9430166666666669,1424.55102539063
0.944683333333333,1420.45324707031
0.94635,1420.45324707031
0.948016666666667,1414.41821289063
0.949683333333333,1408.30871582031
0.95135,1408.30871582031
0.953016666666667,1406.59509277344
0.954683333333333,1397.8779296875
0.95635,1391.09790039063
0.958016666666667,1391.09790039063
0.9597,1381.11413574219
0.96135,1371.5029296875
0.963016666666667,1367.33056640625
0.964683333333333,1367.33056640625
0.96635,1363.00915527344
0.968016666666667,1360.55053710938
0.969683333333333,1358.76232910156
0.97135,1358.76232910156
0.973016666666667,1353.62145996094
0.974683333333333,1346.24536132813
0.9763500000000001,1341.03002929688
0.977983333333333,1341.03002929688
0.97965,1334.62255859375
0.9813166666666669,1329.55615234375
0.982983333333333,1329.55615234375
0.984666666666667,1328.14050292969
0.9863666666666669,1324.93676757813
0.987983333333333,1321.28601074219
0.98965,1321.28601074219
0.991316666666667,1317.11364746094
0.992983333333333,1311.52575683594
0.99465,1305.71423339844
0.996316666666667,1305.71423339844
0.997983333333333,1301.83996582031
0.99965,1300.27526855469
1.00131666666667,1297.96569824219
1.00298333333333,1297.96569824219
1.00465,1297.44409179688
1.00631666666667,1293.9423828125
1.00798333333333,1293.9423828125
1.00965,1290.81311035156
1.01131666666667,1284.92712402344
1.01298333333333,1278.29614257813
1.01465,1278.29614257813
1.01631666666667,1273.75122070313
1.01798333333333,1269.20642089844
1.01965,1269.20642089844
1.02131666666667,1269.20642089844
1.02298333333333,1270.02600097656
1.02465,1268.6103515625
1.02638333333333,1265.25756835938
1.02798333333333,1265.25756835938
1.02965,1261.90478515625
1.03131666666667,1255.27380371094
1.03298333333333,1255.27380371094
1.03465,1254.30529785156
1.03631666666667,1254.30529785156
1.03796666666667,1253.70922851563
1.03963333333333,1253.70922851563
1.0413,1255.57189941406
1.04296666666667,1254.00720214844
1.04463333333333,1251.77209472656
1.0463,1251.77209472656
1.04796666666667,1247.89770507813
1.04963333333333,1244.99206542969
1.0513,1242.2353515625
1.05296666666667,1242.2353515625
1.05463333333333,1237.6904296875
1.0563,1236.49841308594
1.05796666666667,1234.48669433594
1.05963333333333,1234.48669433594
1.06133333333333,1231.80444335938
1.06296666666667,1230.23986816406
1.06463333333333,1230.23986816406
1.0663,1228.22827148438
1.06796666666667,1227.63220214844
1.06963333333333,1228.45178222656
1.0713,1228.45178222656
1.07296666666667,1227.18518066406
1.07463333333333,1225.0244140625
1.0763,1222.19323730469
1.07796666666667,1222.19323730469
1.07963333333333,1217.79736328125
1.0813,1217.6484375
1.08296666666667,1217.49938964844
1.08463333333333,1217.49938964844
1.0863,1216.15832519531
1.08796666666667,1216.23278808594
1.08963333333333,1216.23278808594
1.0913,1216.67980957031
1.09296666666667,1216.60534667969
1.09463333333333,1217.57385253906
1.0963,1217.57385253906
1.09795,1217.79736328125
1.09961666666667,1215.48767089844
1.10128333333333,1211.53894042969
1.10295,1211.53894042969
1.10461666666667,1208.55871582031
1.10628333333333,1206.32348632813
1.10795,1203.49230957031
1.10961666666667,1203.49230957031
1.11128333333333,1202.89624023438
1.11295,1201.1826171875
1.11461666666667,1198.42590332031
1.11628333333333,1198.42590332031
1.11795,1198.35144042969
1.11961666666667,1200.81005859375
1.12128333333333,1200.81005859375
1.12295,1201.62963867188
1.12461666666667,1204.38635253906
1.1263,1207.14306640625
1.12798333333333,1207.14306640625
1.12961666666667,1205.28039550781
1.13128333333333,1203.19421386719
1.13295,1200.36303710938
1.13463333333333,1200.36303710938
1.13628333333333,1198.87292480469
1.13796666666667,1197.68078613281
1.13961666666667,1196.33972167969
1.14128333333333,1196.33972167969
1.14295,1196.1162109375
1.14465,1194.03002929688
1.14628333333333,1194.03002929688
1.14795,1191.49682617188
1.14961666666667,1191.794921875
1.15128333333333,1191.19885253906
1.15295,1191.19885253906
1.15461666666667,1189.03820800781
1.15628333333333,1191.0498046875
1.15793333333333,1192.61437988281
1.1596,1192.61437988281
1.16138333333333,1191.42236328125
1.16293333333333,1191.49682617188
1.1646,1188.96362304688
1.16626666666667,1188.96362304688
1.16793333333333,1189.55969238281
1.1696,1189.33618164063
1.17126666666667,1189.33618164063
1.17293333333333,1190.15576171875
1.1746,1190.90075683594
1.17626666666667,1189.783203125
1.17805,1189.783203125
1.1796,1192.31640625
1.18126666666667,1190.90075683594
1.18293333333333,1188.66564941406
1.1846,1188.66564941406
1.18626666666667,1185.23840332031
1.18793333333333,1182.18359375
1.1896,1183.07763671875
1.19126666666667,1183.07763671875
1.19293333333333,1185.31286621094
1.1946,1187.69702148438
1.19626666666667,1187.62255859375
1.19793333333333,1187.62255859375
1.1996,1185.68542480469
1.20126666666667,1182.70520019531
1.20293333333333,1182.70520019531
1.2046,1178.23486328125
1.20631666666667,1177.71325683594
1.20793333333333,1178.23486328125
1.2096,1178.23486328125
1.21126666666667,1180.46997070313
1.21293333333333,1185.01489257813
1.2146,1183.74829101563
1.21625,1183.74829101563
1.21791666666667,1183.52478027344
1.21958333333333,1184.79138183594
1.22125,1185.90893554688
1.22291666666667,1185.90893554688
1.22458333333333,1188.66564941406
1.22625,1190.15576171875
1.22791666666667,1190.15576171875
1.22958333333333,1189.41064453125
1.23125,1185.53637695313
1.23295,1182.18359375
1.23458333333333,1182.18359375
1.23625,1180.46997070313
1.23791666666667,1178.01135253906
1.23958333333333,1178.90539550781
1.24125,1178.90539550781
1.24291666666667,1178.45837402344
1.24458333333333,1177.8623046875
1.24625,1180.99157714844
1.24791666666667,1180.99157714844
1.24958333333333,1178.75634765625
1.25125,1179.650390625
1.25291666666667,1179.72497558594
1.25458333333333,1179.72497558594
1.25625,1176.52124023438
1.25791666666667,1178.08581542969
1.25958333333333,1178.08581542969
1.26125,1177.78784179688
1.26291666666667,1178.01135253906
1.26458333333333,1179.05432128906
1.26625,1179.05432128906
1.26791666666667,1178.75634765625
1.26956666666667,1178.53283691406
1.27123333333333,1177.04272460938
1.2729,1177.04272460938
1.27456666666667,1176.89367675781
1.27623333333333,1176.96826171875
1.27791666666667,1178.68188476563
1.27966666666667,1178.68188476563
1.28121666666667,1180.9169921875
1.28288333333333,1178.3837890625
1.28455,1178.3837890625
1.28621666666667,1177.19177246094
1.28788333333333,1179.05432128906
1.28955,1178.23486328125
1.29121666666667,1178.23486328125
1.29288333333333,1177.1171875
1.29455,1178.60729980469
1.2963,1176.07409667969
1.29788333333333,1176.07409667969
1.29955,1176.29760742188
1.30121666666667,1177.19177246094
1.30288333333333,1174.43505859375
1.30455,1174.43505859375
1.30621666666667,1172.19982910156
1.30788333333333,1170.33715820313
1.30956666666667,1171.23132324219
1.31121666666667,1171.23132324219
1.313,1173.98803710938
1.31455,1175.10559082031
1.31621666666667,1175.10559082031
1.31788333333333,1177.34069824219
1.31956666666667,1176.74475097656
1.32121666666667,1177.56420898438
1.32288333333333,1177.56420898438
1.32455,1178.3837890625
1.32621666666667,1177.56420898438
1.32788333333333,1181.06604003906
1.32955,1181.06604003906
1.33121666666667,1178.3837890625
1.33288333333333,1178.83081054688
1.33455,1179.72497558594
1.33621666666667,1179.72497558594
1.33786666666667,1176.22314453125
1.33953333333333,1177.48974609375
1.3412,1177.48974609375
1.34286666666667,1176.81921386719
1.34453333333333,1174.95654296875
1.3462,1174.0625
1.34786666666667,1174.0625
1.34955,1173.01940917969
1.3512,1171.38024902344
1.35286666666667,1170.56066894531
1.35453333333333,1170.56066894531
1.3562,1171.60375976563
1.35786666666667,1170.63525390625
1.35953333333333,1172.05078125
1.3612,1172.05078125
1.36286666666667,1171.30578613281
1.36453333333333,1170.18823242188
1.3662,1170.18823242188
1.36786666666667,1169.81567382813
1.36953333333333,1167.87854003906
1.3712,1170.7841796875
1.37286666666667,1170.7841796875
1.37453333333333,1170.2626953125
1.3762,1169.517578125
1.37786666666667,1169.66662597656
1.37953333333333,1169.66662597656
1.3812,1168.92163085938
1.38286666666667,1170.63525390625
1.38453333333333,1171.15673828125
1.3862,1171.15673828125
1.38786666666667,1173.68994140625
1.38953333333333,1174.21154785156
1.3912,1176.44665527344
1.39286666666667,1176.44665527344
1.39453333333333,1178.53283691406
1.3962,1177.93676757813
1.39791666666667,1177.93676757813
1.39951666666667,1177.71325683594
1.40121666666667,1174.95654296875
1.40285,1175.92517089844
1.40451666666667,1175.92517089844
1.40618333333333,1176.595703125
1.40785,1174.21154785156
1.40951666666667,1173.68994140625
1.41118333333333,1173.68994140625
1.41285,1169.96472167969
1.41463333333333,1166.90991210938
1.41618333333333,1166.68640136719
1.41785,1166.68640136719
1.41951666666667,1166.83544921875
1.42118333333333,1169.36865234375
1.42285,1169.36865234375
1.42451666666667,1171.67834472656
1.4262,1173.16845703125
1.42785,1175.10559082031
1.42951666666667,1175.10559082031
1.43126666666667,1172.94494628906
1.43285,1171.15673828125
1.43451666666667,1169.21960449219
1.43618333333333,1169.21960449219
1.43785,1169.21960449219
1.43951666666667,1171.90185546875
1.44118333333333,1172.72143554688
1.44285,1172.72143554688
1.44451666666667,1174.28601074219
1.44618333333333,1173.98803710938
1.44785,1171.75280761719
1.44951666666667,1171.75280761719
1.45118333333333,1172.49792480469
1.45285,1173.24291992188
1.45451666666667,1173.24291992188
1.45618333333333,1173.46643066406
1.45783333333333,1174.95654296875
1.4595,1175.55261230469
1.46116666666667,1175.55261230469
1.46283333333333,1172.87036132813
1.4645,1171.67834472656
1.46616666666667,1171.15673828125
1.46783333333333,1171.15673828125
1.4695,1170.56066894531
1.47116666666667,1175.10559082031
1.47283333333333,1178.16027832031
1.4745,1178.16027832031
1.47616666666667,1179.79943847656
1.47783333333333,1179.94848632813
1.4795,1179.94848632813
1.48116666666667,1177.41528320313
1.48283333333333,1175.47814941406
1.4845,1175.55261230469
1.48616666666667,1175.55261230469
1.48786666666667,1173.98803710938
1.4895,1174.36047363281
1.49116666666667,1171.75280761719
1.49283333333333,1171.75280761719
1.49451666666667,1169.517578125
1.49616666666667,1169.7412109375
1.49783333333333,1170.03918457031
1.4995,1170.03918457031
1.50116666666667,1170.41174316406
1.50283333333333,1170.63525390625
1.5045,1173.68994140625
1.50616666666667,1173.68994140625
1.50783333333333,1173.46643066406
1.5095,1172.57238769531
1.51116666666667,1172.57238769531
1.51283333333333,1172.72143554688
1.5145,1170.03918457031
1.5162,1169.66662597656
1.51781666666667,1169.66662597656
1.51948333333333,1170.85876464844
1.52115,1169.21960449219
1.52281666666667,1167.95300292969
1.52448333333333,1167.95300292969
1.52615,1169.36865234375
1.52781666666667,1169.21960449219
1.52948333333333,1170.85876464844
1.53115,1170.85876464844
1.53283333333333,1170.33715820313
1.53448333333333,1168.10205078125
1.53615,1168.10205078125
1.53783333333333,1167.95300292969
1.53948333333333,1169.81567382813
1.54115,1169.44311523438
1.54281666666667,1169.44311523438
1.54448333333333,1171.82727050781
1.54615,1173.09387207031
1.54781666666667,1171.38024902344
1.54958333333333,1171.38024902344
1.55115,1174.0625
1.55281666666667,1170.70971679688
1.55448333333333,1169.59216308594
1.55615,1169.59216308594
1.55781666666667,1168.02746582031
1.55948333333333,1168.17651367188
1.56113333333333,1168.17651367188
1.5628,1169.517578125
1.56446666666667,1168.40002441406
1.56613333333333,1170.56066894531
1.5678,1170.56066894531
1.56946666666667,1168.69812011719
1.57116666666667,1168.99609375
1.57283333333333,1172.34887695313
1.57446666666667,1172.34887695313
1.57613333333333,1170.41174316406
1.57778333333333,1172.42333984375
1.57945,1170.85876464844
1.58111666666667,1170.85876464844
1.58278333333333,1168.2509765625
1.58445,1168.2509765625
1.58611666666667,1166.90991210938
1.58778333333333,1166.90991210938
1.58945,1166.98449707031
1.59111666666667,1168.2509765625
1.59278333333333,1168.2509765625
1.59445,1172.12536621094
1.59611666666667,1174.36047363281
1.59778333333333,1177.48974609375
1.59945,1177.48974609375
1.60111666666667,1177.93676757813
1.60278333333333,1172.27429199219
1.60445,1167.87854003906
1.60611666666667,1167.87854003906
1.60778333333333,1167.35693359375
1.60945,1167.05895996094
1.61111666666667,1170.33715820313
1.61278333333333,1170.33715820313
1.61445,1174.36047363281
1.61611666666667,1173.39196777344
1.61778333333333,1173.39196777344
1.61945,1174.50952148438
1.62111666666667,1175.99963378906
1.62278333333333,1173.24291992188
1.62445,1173.24291992188
1.62611666666667,1171.38024902344
1.62778333333333,1171.60375976563
1.62945,1169.44311523438
1.63111666666667,1169.44311523438
1.63278333333333,1171.67834472656
1.63443333333333,1172.72143554688
1.63611666666667,1172.87036132813
1.63776666666667,1172.87036132813
1.63943333333333,1174.80749511719
1.6411,1175.8505859375
1.64278333333333,1175.99963378906
1.6445,1175.99963378906
1.64618333333333,1176.595703125
1.64776666666667,1175.77612304688
1.64943333333333,1175.77612304688
1.6511,1175.77612304688
1.65276666666667,1175.10559082031
1.65443333333333,1171.67834472656
1.6561,1171.67834472656
1.65776666666667,1171.60375976563
1.65943333333333,1171.08227539063
1.6611,1172.57238769531
1.66276666666667,1172.57238769531
1.66443333333333,1173.16845703125
1.6661,1172.34887695313
1.66788333333333,1172.34887695313
1.66943333333333,1172.34887695313
1.6711,1170.11364746094
1.67276666666667,1172.12536621094
1.67443333333333,1172.12536621094
1.6761,1170.70971679688
1.67776666666667,1168.02746582031
1.67943333333333,1172.34887695313
1.6811,1172.34887695313
1.68276666666667,1173.24291992188
1.68443333333333,1173.16845703125
1.6861,1174.583984375
1.68776666666667,1174.583984375
1.68943333333333,1173.01940917969
1.6911,1171.15673828125
1.69276666666667,1173.46643066406
1.69443333333333,1173.46643066406
1.6961,1174.0625
1.69775,1174.0625
1.69941666666667,1174.80749511719
1.70108333333333,1174.80749511719
1.70275,1173.01940917969
1.70441666666667,1172.12536621094
1.70608333333333,1172.12536621094
1.70775,1169.7412109375
1.70941666666667,1168.62353515625
1.71108333333333,1171.45483398438
1.71276666666667,1171.45483398438
1.71443333333333,1171.08227539063
1.71608333333333,1172.42333984375
1.71775,1172.87036132813
1.71941666666667,1172.87036132813
1.72108333333333,1174.0625
1.72275,1173.16845703125
1.72441666666667,1173.01940917969
1.72611666666667,1173.01940917969
1.72775,1173.01940917969
1.72941666666667,1168.10205078125
1.73108333333333,1168.10205078125
1.73275,1170.93322753906
1.73441666666667,1171.60375976563
1.73608333333333,1173.91345214844
1.73775,1173.91345214844
1.73941666666667,1177.34069824219
1.74108333333333,1176.07409667969
1.74275,1175.3291015625
1.74441666666667,1175.3291015625
1.74608333333333,1172.34887695313
1.74775,1170.93322753906
1.74941666666667,1172.12536621094
1.75108333333333,1172.12536621094
1.75281666666667,1173.76452636719
1.75441666666667,1175.3291015625
1.75606666666667,1175.3291015625
1.75773333333333,1176.14868164063
1.7594,1173.16845703125
1.76106666666667,1169.517578125
1.76273333333333,1169.517578125
1.7644,1168.69812011719
1.76606666666667,1169.21960449219
1.76773333333333,1170.2626953125
1.7694,1170.2626953125
1.77106666666667,1171.75280761719
1.77273333333333,1172.7958984375
1.7744,1169.29406738281
1.77606666666667,1169.29406738281
1.77773333333333,1170.63525390625
1.7794,1173.3173828125
1.78106666666667,1174.0625
1.78273333333333,1174.0625
1.7844,1176.74475097656
1.7861,1174.21154785156
1.78773333333333,1174.21154785156
1.7894,1170.03918457031
1.79106666666667,1166.38842773438
1.79273333333333,1166.23937988281
1.7944,1166.23937988281
1.79606666666667,1169.14514160156
1.79773333333333,1171.08227539063
1.7994,1173.09387207031
1.80106666666667,1173.09387207031
1.80273333333333,1173.68994140625
1.8044,1173.76452636719
1.80606666666667,1174.0625
1.80773333333333,1174.0625
1.8094,1173.46643066406
1.81106666666667,1171.0078125
1.81273333333333,1171.0078125
1.81441666666667,1167.2080078125
1.81606666666667,1167.65502929688
1.81771666666667,1167.95300292969
1.81938333333333,1167.95300292969
1.82105,1167.95300292969
1.82271666666667,1169.07055664063
1.82438333333333,1167.05895996094
1.82605,1167.05895996094
1.82771666666667,1165.1962890625
1.82938333333333,1167.50598144531
1.83105,1171.75280761719
1.83271666666667,1171.75280761719
1.83438333333333,1175.18005371094
1.83605,1174.21154785156
1.83771666666667,1175.18005371094
1.83938333333333,1175.18005371094
1.84105,1173.61547851563
1.84271666666667,1170.03918457031
1.84438333333333,1170.03918457031
1.84605,1170.18823242188
1.84771666666667,1167.58044433594
1.84938333333333,1166.38842773438
1.85105,1166.38842773438
1.8527,1167.80395507813
1.8544,1171.30578613281
1.85603333333333,1173.39196777344
1.8577,1173.39196777344
1.85936666666667,1174.0625
1.86103333333333,1174.50952148438
1.8627,1174.21154785156
1.86436666666667,1174.21154785156
1.86603333333333,1175.03100585938
1.8677,1172.42333984375
1.86936666666667,1172.42333984375
1.87108333333333,1171.38024902344
1.8727,1168.62353515625
1.87436666666667,1165.27075195313
1.87603333333333,1165.27075195313
1.87768333333333,1164.97277832031
1.87935,1165.79235839844
1.88101666666667,1168.62353515625
1.88268333333333,1168.62353515625
1.88435,1171.08227539063
1.88601666666667,1174.28601074219
1.8877,1176.595703125
1.88935,1176.595703125
1.89101666666667,1173.61547851563
1.89268333333333,1171.0078125
1.89435,1170.11364746094
1.89601666666667,1170.11364746094
1.89768333333333,1167.7294921875
1.89935,1168.02746582031
1.90101666666667,1168.02746582031
1.90268333333333,1168.69812011719
1.90446666666667,1167.80395507813
1.90601666666667,1166.09033203125
1.90768333333333,1166.09033203125
1.90935,1168.69812011719
1.91101666666667,1170.56066894531
1.91268333333333,1169.66662597656
1.91435,1169.66662597656
1.91601666666667,1170.03918457031
1.91768333333333,1166.16491699219
1.91935,1163.408203125
1.92101666666667,1163.408203125
1.92268333333333,1166.61193847656
1.92435,1167.2080078125
1.92601666666667,1167.2080078125
1.92768333333333,1167.7294921875
1.92935,1168.32556152344
1.93101666666667,1165.56884765625
1.93268333333333,1165.56884765625
1.93436666666667,1165.1962890625
1.93601666666667,1167.7294921875
1.93766666666667,1168.99609375
1.93933333333333,1168.99609375
1.941,1168.32556152344
1.94266666666667,1171.67834472656
1.94433333333333,1172.19982910156
1.946,1172.19982910156
1.94766666666667,1173.01940917969
1.94933333333333,1172.64685058594
1.951,1172.64685058594
1.95266666666667,1171.82727050781
1.95433333333333,1169.96472167969
1.956,1166.83544921875
1.95766666666667,1166.83544921875
1.95933333333333,1168.62353515625
1.961,1165.94140625
1.96266666666667,1166.462890625
1.96433333333333,1166.462890625
1.966,1170.33715820313
1.96766666666667,1170.7841796875
1.96933333333333,1171.90185546875
1.971,1171.90185546875
1.97266666666667,1171.529296875
1.97433333333333,1171.23132324219
1.976,1169.517578125
1.97766666666667,1169.517578125
1.97935,1169.517578125
1.981,1170.41174316406
1.98266666666667,1170.41174316406
1.98433333333333,1168.99609375
1.986,1169.44311523438
1.98766666666667,1168.84704589844
1.98936666666667,1168.84704589844
1.991,1167.80395507813
1.99266666666667,1169.517578125
1.99433333333333,1172.19982910156
1.99598333333333,1172.19982910156
1.99765,1171.67834472656
1.99931666666667,1171.97631835938
2.00098333333333,1171.45483398438
2.00265,1171.45483398438
2.00433333333333,1167.65502929688
2.00603333333333,1166.462890625
2.00765,1166.462890625
2.00931666666667,1166.09033203125
2.01098333333333,1166.31384277344
2.01265,1168.10205078125
2.01431666666667,1168.10205078125
2.01598333333333,1170.18823242188
2.01765,1169.89013671875
2.01931666666667,1167.7294921875
2.02098333333333,1167.7294921875
2.02275,1168.69812011719
2.02431666666667,1171.23132324219
2.02598333333333,1173.16845703125
2.02765,1173.16845703125
2.02931666666667,1172.49792480469
2.03098333333333,1170.93322753906
2.03265,1169.81567382813
2.03431666666667,1169.81567382813
2.03598333333333,1167.28247070313
2.03765,1169.7412109375
2.03931666666667,1169.7412109375
2.04098333333333,1169.44311523438
2.04265,1169.517578125
2.04431666666667,1172.87036132813
2.04598333333333,1172.87036132813
2.04765,1172.05078125
2.04931666666667,1174.50952148438
2.05098333333333,1173.83898925781
2.05265,1173.83898925781
2.05431666666667,1171.97631835938
2.05596666666667,1169.81567382813
2.05763333333333,1166.01586914063
2.0593,1166.01586914063
2.06096666666667,1165.12182617188
2.06263333333333,1163.55712890625
2.0643,1163.55712890625
2.06596666666667,1165.56884765625
2.06763333333333,1167.58044433594
2.0693,1167.95300292969
2.071,1167.95300292969
2.07263333333333,1169.21960449219
2.0743,1169.66662597656
2.07596666666667,1169.44311523438
2.07763333333333,1169.44311523438
2.07933333333333,1168.99609375
2.08096666666667,1167.43151855469
2.08263333333333,1164.52575683594
2.0843,1164.52575683594
2.08596666666667,1163.48266601563
2.08763333333333,1163.408203125
2.0893,1164.00415039063
2.09096666666667,1164.00415039063
2.09263333333333,1164.6748046875
2.0943,1166.83544921875
2.09596666666667,1166.83544921875
2.09763333333333,1167.43151855469
2.0993,1168.54907226563
2.10096666666667,1167.80395507813
2.10263333333333,1167.80395507813
2.1043,1165.64331054688
2.10596666666667,1165.64331054688
2.10765,1165.64331054688
2.1093,1165.64331054688
2.11096666666667,1167.13342285156
2.11263333333333,1168.10205078125
2.11428333333333,1167.43151855469
2.11596666666667,1167.43151855469
2.11761666666667,1169.29406738281
2.11928333333333,1168.77258300781
2.12095,1168.77258300781
2.12261666666667,1167.7294921875
2.12438333333333,1165.04724121094
2.12595,1161.17297363281
2.12761666666667,1161.17297363281
2.12928333333333,1163.48266601563
2.13095,1167.2080078125
2.13261666666667,1171.38024902344
2.13428333333333,1171.38024902344
2.13595,1171.97631835938
2.13761666666667,1169.29406738281
2.13928333333333,1165.04724121094
2.14105,1165.04724121094
2.14261666666667,1162.29052734375
2.14426666666667,1162.88659667969
2.14593333333333,1162.88659667969
2.1476,1165.04724121094
2.14926666666667,1166.23937988281
2.15093333333333,1168.62353515625
2.1526,1168.62353515625
2.15426666666667,1170.48620605469
2.15595,1168.62353515625
2.1576,1167.95300292969
2.15926666666667,1167.95300292969
2.16093333333333,1165.71789550781
2.1626,1164.97277832031
2.16426666666667,1167.80395507813
2.16593333333333,1167.80395507813
2.1676,1169.21960449219
2.16926666666667,1168.62353515625
2.17093333333333,1167.05895996094
2.1726,1167.05895996094
2.17426666666667,1164.52575683594
2.17591666666667,1162.36511230469
2.17758333333333,1162.36511230469
2.17925,1164.82373046875
2.18091666666667,1164.6748046875
2.18258333333333,1163.70617675781
2.18425,1163.70617675781
2.18591666666667,1166.31384277344
2.18758333333333,1168.77258300781
2.18925,1171.38024902344
2.19091666666667,1171.38024902344
2.19258333333333,1172.12536621094
2.19425,1171.67834472656
2.19591666666667,1166.68640136719
2.19758333333333,1166.68640136719
2.19925,1163.9296875
2.20091666666667,1163.25915527344
2.20258333333333,1163.25915527344
2.20425,1162.58862304688
2.20591666666667,1165.64331054688
2.20758333333333,1164.97277832031
2.20925,1164.97277832031
2.21091666666667,1165.79235839844
2.21258333333333,1165.71789550781
2.21425,1164.07873535156
2.21591666666667,1164.07873535156
2.21758333333333,1166.90991210938
2.21925,1167.58044433594
2.22091666666667,1168.2509765625
2.22258333333333,1168.2509765625
2.22425,1170.41174316406
2.22595,1171.82727050781
2.22758333333333,1173.91345214844
2.22925,1173.91345214844
2.23091666666667,1175.18005371094
2.23258333333333,1175.10559082031
2.23426666666667,1175.10559082031
2.23593333333333,1174.80749511719
2.23756666666667,1171.45483398438
2.23923333333333,1169.07055664063
2.2409,1169.07055664063
2.24266666666667,1165.27075195313
2.24423333333333,1163.85522460938
2.2459,1165.49426269531
2.24756666666667,1165.49426269531
2.24923333333333,1167.95300292969
2.2509,1168.69812011719
2.25256666666667,1169.96472167969
2.25423333333333,1169.96472167969
2.2559,1170.85876464844
2.25756666666667,1170.41174316406
2.25928333333333,1174.28601074219
2.2609,1174.28601074219
2.26256666666667,1172.42333984375
2.26423333333333,1171.82727050781
2.2659,1171.82727050781
2.26756666666667,1169.66662597656
2.26923333333333,1167.87854003906
2.2709,1169.7412109375
2.27256666666667,1169.7412109375
2.27423333333333,1168.02746582031
2.276,1171.30578613281
2.27756666666667,1171.82727050781
2.27923333333333,1171.82727050781
2.2809,1169.44311523438
2.28256666666667,1169.66662597656
2.28423333333333,1168.17651367188
2.2859,1168.17651367188
2.28756666666667,1169.81567382813
2.28923333333333,1170.93322753906
2.2909,1170.93322753906
2.29256666666667,1172.49792480469
2.29423333333333,1172.12536621094
2.29588333333333,1170.41174316406
2.29755,1170.41174316406
2.29921666666667,1171.90185546875
2.30088333333333,1170.70971679688
2.30255,1171.90185546875
2.30423333333333,1171.90185546875
2.30595,1171.60375976563
2.30755,1167.80395507813
2.30921666666667,1167.80395507813
2.31088333333333,1167.80395507813
2.31255,1165.94140625
2.31421666666667,1168.32556152344
2.31588333333333,1168.32556152344
2.31755,1172.19982910156
2.31921666666667,1174.13696289063
2.32088333333333,1176.52124023438
2.32255,1176.52124023438
2.32421666666667,1173.68994140625
2.32588333333333,1170.2626953125
2.32756666666667,1167.2080078125
2.32921666666667,1167.2080078125
2.33088333333333,1164.74926757813
2.33255,1164.00415039063
2.33421666666667,1165.49426269531
2.33588333333333,1165.49426269531
2.33755,1167.87854003906
2.33921666666667,1167.43151855469
2.34088333333333,1166.98449707031
2.34255,1166.98449707031
2.34421666666667,1168.2509765625
2.34588333333333,1164.97277832031
2.34755,1164.97277832031
2.34921666666667,1165.04724121094
2.35088333333333,1164.82373046875
2.35255,1163.03564453125
2.35421666666667,1163.03564453125
2.35586666666667,1168.02746582031
2.35753333333333,1168.40002441406
2.3592,1167.95300292969
2.3609,1167.95300292969
2.36253333333333,1170.85876464844
2.3642,1167.95300292969
2.36586666666667,1167.95300292969
2.36753333333333,1167.95300292969
2.36926666666667,1168.77258300781
2.37086666666667,1166.09033203125
2.37253333333333,1166.09033203125
2.3742,1166.01586914063
2.37586666666667,1165.04724121094
2.37755,1166.76086425781
2.3792,1166.76086425781
2.38086666666667,1166.462890625
2.38253333333333,1167.65502929688
2.3842,1169.66662597656
2.38586666666667,1169.66662597656
2.38753333333333,1168.32556152344
2.3892,1169.517578125
2.39086666666667,1168.2509765625
2.39253333333333,1168.2509765625
2.39431666666667,1167.80395507813
2.39586666666667,1169.59216308594
2.39753333333333,1169.59216308594
2.3992,1168.02746582031
2.40086666666667,1168.32556152344
2.40253333333333,1170.63525390625
2.4042,1170.63525390625
2.40586666666667,1170.93322753906
2.40753333333333,1171.75280761719
2.4092,1173.3173828125
2.41086666666667,1173.3173828125
2.41253333333333,1170.56066894531
2.4142,1170.41174316406
2.41588333333333,1169.59216308594
2.41751666666667,1169.59216308594
2.41918333333333,1169.59216308594
2.42085,1169.29406738281
2.42251666666667,1170.41174316406
2.42418333333333,1170.41174316406
2.42585,1173.3173828125
2.42751666666667,1174.95654296875
2.42918333333333,1174.95654296875
2.43085,1178.30932617188
2.43251666666667,1177.26623535156
2.43416666666667,1175.62707519531
2.43583333333333,1175.62707519531
2.43751666666667,1171.90185546875
2.43916666666667,1169.21960449219
2.44083333333333,1170.33715820313
2.4425,1170.33715820313
2.44416666666667,1171.23132324219
2.44583333333333,1169.96472167969
2.4475,1169.14514160156
2.44916666666667,1169.14514160156
2.45083333333333,1164.52575683594
2.4525,1161.99255371094
2.45416666666667,1161.99255371094
2.45583333333333,1165.64331054688
2.4575,1166.31384277344
2.45916666666667,1170.63525390625
2.46083333333333,1170.63525390625
2.4625,1171.0078125
2.46416666666667,1168.40002441406
2.46583333333333,1168.10205078125
2.4675,1168.10205078125
2.46916666666667,1164.37670898438
2.47083333333333,1164.82373046875
2.4725,1165.79235839844
2.47416666666667,1165.79235839844
2.47581666666667,1165.27075195313
2.47748333333333,1165.94140625
2.47915,1167.13342285156
2.48081666666667,1167.13342285156
2.48248333333333,1166.31384277344
2.48415,1168.2509765625
2.48581666666667,1168.2509765625
2.48748333333333,1170.33715820313
2.48915,1171.67834472656
2.49081666666667,1174.36047363281
2.49248333333333,1174.36047363281
2.49415,1174.28601074219
2.49586666666667,1172.7958984375
2.4975,1173.24291992188
2.49915,1173.24291992188
2.50081666666667,1170.85876464844
2.50248333333333,1172.87036132813
2.50415,1172.34887695313
2.50581666666667,1172.34887695313
2.50748333333333,1168.2509765625
2.50915,1171.45483398438
2.51081666666667,1171.45483398438
2.51256666666667,1170.41174316406
2.51415,1171.75280761719
2.51581666666667,1175.8505859375
2.51748333333333,1175.8505859375
2.51916666666667,1173.24291992188
2.52081666666667,1170.48620605469
2.52248333333333,1171.45483398438
2.52415,1171.45483398438
2.52581666666667,1169.14514160156
2.52748333333333,1169.517578125
2.52915,1169.07055664063
2.53081666666667,1169.07055664063
2.53248333333333,1167.7294921875
2.53413333333333,1168.40002441406
2.5358,1168.40002441406
2.53746666666667,1167.7294921875
2.53913333333333,1169.44311523438
2.5408,1169.14514160156
2.54246666666667,1169.14514160156
2.54413333333333,1168.474609375
2.5458,1171.30578613281
2.54746666666667,1171.529296875
2.54913333333333,1171.529296875
2.5508,1173.16845703125
2.55246666666667,1173.76452636719
2.55413333333333,1173.54089355469
2.5558,1173.54089355469
2.55746666666667,1171.82727050781
2.55913333333333,1171.23132324219
2.5608,1171.23132324219
2.56246666666667,1171.23132324219
2.56413333333333,1168.69812011719
2.5658,1169.89013671875
2.56746666666667,1169.89013671875
2.56913333333333,1170.93322753906
2.5708,1173.01940917969
2.57246666666667,1173.91345214844
2.57413333333333,1173.91345214844
2.5758,1177.1171875
2.57748333333333,1176.44665527344
2.57913333333333,1171.97631835938
2.58083333333333,1171.97631835938
2.58246666666667,1169.96472167969
2.58413333333333,1165.41979980469
2.5858,1162.36511230469
2.58746666666667,1162.36511230469
2.58913333333333,1165.79235839844
2.5908,1167.28247070313
2.59246666666667,1167.28247070313
2.59413333333333,1171.30578613281
2.59578333333333,1175.55261230469
2.59751666666667,1173.3173828125
2.59911666666667,1173.3173828125
2.60078333333333,1173.3173828125
2.60245,1170.18823242188
2.60411666666667,1166.76086425781
2.60578333333333,1166.76086425781
2.60745,1166.23937988281
2.60911666666667,1168.02746582031
2.61078333333333,1166.68640136719
2.61245,1166.68640136719
2.61411666666667,1168.474609375
2.61578333333333,1168.69812011719
2.61745,1166.01586914063
2.61911666666667,1166.01586914063
2.62078333333333,1166.53735351563
2.62245,1165.34533691406
2.62411666666667,1165.34533691406
2.62578333333333,1165.86682128906
2.62745,1166.90991210938
2.62911666666667,1167.35693359375
2.6309,1167.35693359375
2.63245,1169.21960449219
2.63411666666667,1167.95300292969
2.63578333333333,1168.77258300781
2.63745,1168.77258300781
2.63911666666667,1172.05078125
2.64078333333333,1170.63525390625
2.64245,1171.08227539063
2.64411666666667,1171.08227539063
2.64578333333333,1169.96472167969
2.64745,1165.86682128906
2.64911666666667,1165.86682128906
2.65078333333333,1164.97277832031
2.65245,1164.74926757813
2.65411666666667,1163.55712890625
2.65576666666667,1163.55712890625
2.65743333333333,1167.7294921875
2.65916666666667,1168.02746582031
2.66076666666667,1167.87854003906
2.66243333333333,1167.87854003906
2.6641,1168.40002441406
2.66576666666667,1165.79235839844
2.66743333333333,1165.79235839844
2.6691,1165.79235839844
2.67076666666667,1169.96472167969
2.67243333333333,1169.66662597656
2.6741,1170.93322753906
2.67576666666667,1170.93322753906
2.67743333333333,1172.72143554688
2.6791,1170.33715820313
2.68076666666667,1170.33715820313
2.68243333333333,1170.93322753906
2.6841,1167.7294921875
2.68576666666667,1167.13342285156
2.68743333333333,1167.13342285156
2.6891,1165.79235839844
2.69076666666667,1165.34533691406
2.69243333333333,1166.38842773438
2.6941,1166.38842773438
2.69576666666667,1167.43151855469
2.69743333333333,1168.2509765625
2.6991,1170.93322753906
2.70076666666667,1170.93322753906
2.70243333333333,1171.23132324219
2.7041,1170.41174316406
2.70576666666667,1170.41174316406
2.70743333333333,1172.87036132813
2.7091,1169.7412109375
2.71076666666667,1169.96472167969
2.71243333333333,1169.96472167969
2.7141,1167.28247070313
2.71581666666667,1163.55712890625
2.71741666666667,1164.30224609375
2.71908333333333,1164.30224609375
2.72075,1162.88659667969
2.72241666666667,1165.94140625
2.72408333333333,1167.2080078125
2.72576666666667,1167.2080078125
2.7274,1168.02746582031
2.72906666666667,1168.32556152344
2.73075,1163.9296875
2.7324,1163.9296875
2.73406666666667,1162.73754882813
2.73573333333333,1162.73754882813
2.7374,1162.73754882813
2.73906666666667,1163.55712890625
2.74073333333333,1166.83544921875
2.7424,1169.29406738281
2.74406666666667,1169.29406738281
2.74573333333333,1171.38024902344
2.7474,1170.70971679688
2.74913333333333,1168.32556152344
2.75073333333333,1168.32556152344
2.7524,1167.95300292969
2.75406666666667,1166.83544921875
2.75573333333333,1167.87854003906
2.7574,1167.87854003906
2.75906666666667,1169.44311523438
2.76073333333333,1167.87854003906
2.7624,1167.87854003906
2.76406666666667,1165.04724121094
2.76573333333333,1165.34533691406
2.7674,1164.15319824219
2.76906666666667,1164.15319824219
2.77073333333333,1164.52575683594
2.7724,1166.462890625
2.77405,1167.28247070313
2.77571666666667,1167.28247070313
2.77738333333333,1169.29406738281
2.77905,1168.2509765625
2.78071666666667,1167.65502929688
2.78238333333333,1167.65502929688
2.78405,1168.02746582031
2.78571666666667,1166.76086425781
2.78738333333333,1166.76086425781
2.78905,1168.2509765625
2.79071666666667,1167.28247070313
2.79238333333333,1165.41979980469
2.79405,1165.41979980469
2.79571666666667,1164.00415039063
2.79738333333333,1161.61999511719
2.79908333333333,1161.02392578125
2.80071666666667,1161.02392578125
2.80238333333333,1161.32202148438
2.80405,1164.74926757813
2.80571666666667,1169.07055664063
2.80738333333333,1169.07055664063
2.80905,1169.21960449219
2.81071666666667,1169.36865234375
2.81238333333333,1169.14514160156
2.8141,1169.14514160156
2.81571666666667,1170.18823242188
2.81738333333333,1170.11364746094
2.81905,1170.11364746094
2.82071666666667,1169.517578125
2.82238333333333,1167.50598144531
2.82405,1165.04724121094
2.82571666666667,1165.04724121094
2.82738333333333,1168.77258300781
2.82905,1171.38024902344
2.83071666666667,1171.529296875
2.83238333333333,1171.529296875
2.8341,1170.11364746094
2.8357,1167.35693359375
2.83736666666667,1165.12182617188
2.83903333333333,1165.12182617188
2.8407,1166.38842773438
2.84236666666667,1166.76086425781
2.84403333333333,1166.76086425781
2.8457,1167.05895996094
2.84736666666667,1166.01586914063
2.84903333333333,1166.38842773438
2.85081666666667,1166.38842773438
2.85236666666667,1166.01586914063
2.85403333333333,1166.23937988281
2.8557,1168.77258300781
2.85736666666667,1168.77258300781
2.85903333333333,1168.69812011719
2.8607,1170.70971679688
2.86236666666667,1173.46643066406
2.86403333333333,1173.46643066406
2.8657,1173.46643066406
2.86741666666667,1174.50952148438
2.86903333333333,1172.64685058594
2.8707,1172.64685058594
2.87236666666667,1172.05078125
2.87403333333333,1171.08227539063
2.8757,1171.08227539063
2.87736666666667,1167.7294921875
2.87906666666667,1170.33715820313
2.8807,1166.53735351563
2.88236666666667,1166.53735351563
2.88403333333333,1163.85522460938
2.8857,1167.43151855469
2.88736666666667,1165.64331054688
2.88903333333333,1165.64331054688
2.8907,1165.86682128906
2.89236666666667,1170.48620605469
2.89403333333333,1171.0078125
2.89568333333333,1171.0078125
2.89735,1171.08227539063
2.89901666666667,1172.19982910156
2.90068333333333,1172.19982910156
2.90235,1171.82727050781
2.90401666666667,1167.7294921875
2.9057,1168.54907226563
2.90735,1168.54907226563
2.90901666666667,1171.0078125
2.91068333333333,1171.90185546875
2.91235,1173.39196777344
2.91401666666667,1173.39196777344
2.91568333333333,1171.15673828125
2.91735,1170.85876464844
2.91901666666667,1167.65502929688
2.92068333333333,1167.65502929688
2.92236666666667,1167.80395507813
2.92401666666667,1170.70971679688
2.92568333333333,1167.50598144531
2.92735,1167.50598144531
2.92901666666667,1169.89013671875
2.93068333333333,1170.2626953125
2.93235,1170.2626953125
2.93401666666667,1171.60375976563
2.93568333333333,1175.10559082031
2.93735,1173.61547851563
2.93901666666667,1173.61547851563
2.94068333333333,1172.34887695313
2.94235,1168.474609375
2.94403333333333,1165.56884765625
2.94568333333333,1165.56884765625
2.94735,1166.68640136719
2.94901666666667,1166.98449707031
2.95068333333333,1169.96472167969
2.95236666666667,1169.96472167969
2.95401666666667,1171.60375976563
2.95566666666667,1170.18823242188
2.95733333333333,1170.18823242188
2.959,1171.38024902344
2.96066666666667,1171.15673828125
2.96233333333333,1172.72143554688
2.964,1172.72143554688
2.96566666666667,1173.46643066406
2.96733333333333,1172.12536621094
2.96908333333333,1170.2626953125
2.97066666666667,1170.2626953125
2.97233333333333,1167.13342285156
2.974,1167.05895996094
2.97566666666667,1169.66662597656
2.97733333333333,1169.66662597656
2.979,1170.63525390625
2.98066666666667,1174.36047363281
2.98233333333333,1174.36047363281
2.984,1173.24291992188
2.98571666666667,1170.33715820313
2.98733333333333,1170.41174316406
2.98901666666667,1170.41174316406
2.99066666666667,1169.517578125
2.99233333333333,1172.42333984375
2.994,1172.34887695313
2.99566666666667,1172.34887695313
2.99733333333333,1171.529296875
2.999,1168.40002441406
3.00066666666667,1164.45129394531
3.00245,1164.45129394531
3.004,1167.13342285156
3.00566666666667,1170.11364746094
3.00733333333333,1170.7841796875
3.009,1170.7841796875
3.01066666666667,1171.38024902344
3.01233333333333,1168.77258300781
3.01398333333333,1168.77258300781
3.01565,1167.95300292969
3.0173,1168.17651367188
3.01896666666667,1168.40002441406
3.02063333333333,1168.40002441406
3.02233333333333,1170.56066894531
3.02396666666667,1167.05895996094
3.02563333333333,1166.83544921875
3.0273,1166.83544921875
3.02896666666667,1169.36865234375
3.03063333333333,1170.7841796875
3.0323,1171.0078125
3.03396666666667,1171.0078125
3.03563333333333,1172.05078125
3.0373,1170.56066894531
3.03896666666667,1170.56066894531
3.04063333333333,1166.98449707031
3.0423,1166.53735351563
3.04396666666667,1164.6748046875
3.04563333333333,1164.6748046875
3.0473,1163.9296875
3.04896666666667,1166.09033203125
3.05063333333333,1167.7294921875
3.0523,1167.7294921875
3.05396666666667,1168.77258300781
3.05563333333333,1168.02746582031
3.0573,1168.99609375
3.05896666666667,1168.99609375
3.06063333333333,1168.62353515625
3.0623,1169.96472167969
3.06396666666667,1170.33715820313
3.06563333333333,1170.33715820313
3.0673,1167.28247070313
3.06896666666667,1165.86682128906
